year,manuf_export_share
2024,55.94246940096852
2025,55.89914278348666
2026,55.89914278348666
2027,55.89914278348666
