year,manuf_export_share
2024,55.95463443992958
2025,55.911307822447704
2026,55.911307822447704
2027,55.911307822447704
