year,robots_adopted,robotics_productivity_gain,robotics_cost_savings,jobs_displaced,training_hours
2024,276.0175,11.671125000000007,147.9820499999998,408.8275,108.79
2025,248.7075,12.543399999999986,105.65777499999984,724.525,129.7975
2026,259.4625,12.552224999999986,119.84052499999973,763.115,129.7975
2027,301.475,12.521524999999981,152.63462499999963,368.5825,129.7975
