feature,importance
cap_labor_ratio,0.20944606
cap,0.14863215
prodh,0.10970248
plant,0.09293122
invest,0.08688655
emp,0.08289434
matcost,0.078320295
non_prod_workers,0.061225303
equip,0.05523813
prode,0.043543655
prodw,0.01609953
pay,0.013744378
robots_adopted,0.0013359691
robotics_productivity_gain,0.0
robotics_cost_savings,0.0
